"par","value","sd"
"beta",0.0819567956775791,0.0184597047164402
"gamma",0.0412023990300386,0.00861075663437135
"lambda",1,0
"max_ehook",1.29655923148963,0.127761812436039
